{"cameraMode":{"drawMode":0,"name":"Shaded","section":"Shading Mode"},"sceneLighting":true,"audioPlay":false,"sceneViewState":{"showFog":true,"showMaterialUpdate":false,"showSkybox":true,"showFlares":true,"showImageEffects":true,"showParticleSystems":true},"in2DMode":false,"pivot":{"x":18.19756317138672,"y":-0.9702386856079102,"z":3.022124767303467},"rotation":{"x":0.21218447387218476,"y":-0.3820522725582123,"z":0.09058811515569687,"w":0.8948785662651062},"size":5.9646830558776859,"orthographic":false}