{"cameraMode":{"drawMode":0,"name":"Shaded","section":"Shading Mode"},"sceneLighting":false,"audioPlay":false,"sceneViewState":{"showFog":true,"showMaterialUpdate":false,"showSkybox":true,"showFlares":true,"showImageEffects":true,"showParticleSystems":true},"in2DMode":false,"pivot":{"x":20.809709548950197,"y":0.7833412885665894,"z":0.4407617449760437},"rotation":{"x":-0.22599729895591737,"y":-0.016937369480729104,"z":0.0039304280653595928,"w":-0.9739727973937988},"size":2.9848928451538088,"orthographic":false}