{"cameraMode":{"drawMode":0,"name":"Shaded","section":"Shading Mode"},"sceneLighting":false,"audioPlay":false,"sceneViewState":{"showFog":true,"showMaterialUpdate":false,"showSkybox":true,"showFlares":true,"showImageEffects":true,"showParticleSystems":true},"in2DMode":false,"pivot":{"x":-30.336841583251954,"y":0.9994834661483765,"z":2.136141061782837},"rotation":{"x":0.000913403055164963,"y":0.9838306903839111,"z":-0.17902831733226777,"w":0.005019678734242916},"size":8.762786865234375,"orthographic":false}