{"cameraMode":{"drawMode":0,"name":"Shaded","section":"Shading Mode"},"sceneLighting":false,"audioPlay":false,"sceneViewState":{"showFog":true,"showMaterialUpdate":false,"showSkybox":true,"showFlares":true,"showImageEffects":true,"showParticleSystems":true},"in2DMode":false,"pivot":{"x":29.25704574584961,"y":0.6882529258728027,"z":0.3450169563293457},"rotation":{"x":-0.22599729895591737,"y":-0.016937369480729104,"z":0.0039304280653595928,"w":-0.9739727973937988},"size":5.641247272491455,"orthographic":false}