{"cameraMode":{"drawMode":0,"name":"Shaded","section":"Shading Mode"},"sceneLighting":true,"audioPlay":false,"sceneViewState":{"showFog":true,"showMaterialUpdate":false,"showSkybox":true,"showFlares":true,"showImageEffects":true,"showParticleSystems":true},"in2DMode":false,"pivot":{"x":24.881277084350587,"y":0.6992811560630798,"z":2.9328114986419679},"rotation":{"x":-0.239179790019989,"y":0.20979268848896027,"z":-0.053010690957307819,"w":-0.9465569257736206},"size":21.010000228881837,"orthographic":false}